,Index,Name,Description,Example
0,0,Community Transmission,Evidence suggests transmission within local communities.,"UKHSA is rapidly investigating the source of these infections because the evidence suggests that there may be transmission of the monkeypox virus in the community,"
1,1,Rise in Cases,Increase in reported cases of Mpox.,"Seven cases of monkeypox have been confirmed in London and northeastern England, only one of which was linked to travel outside of the country,"
2,2,Gay and Bisexual Community,Mentioned as a specific group affected by Mpox.,"All 4 of these cases self-identify as gay, bisexual or other men who have sex with men."
3,3,New Case Alert,"Identification of new Mpox cases in the US, UK, and Canada.","The Massachusetts Department of Public Health confirmed a case of monkeypox, making it the first detected in the United States this year."
4,4,Transmission Risks,Discussion of how Mpox can be transmitted from animals to humans and between humans.,The CDC said humans can also be infected when hunting wild animals or preparing bush meat for consumption.
5,5,Rare Disease Awareness,Information about the rarity of Mpox cases in the US and its natural occurrence in other countries.,"According to the CDC, the disease does not naturally occur in the U.S. Infections are usually identified among people who recently traveled to countries where monkeypox is more commonly found."
6,6,Low Risk Frame,"Article downplays the severity of Mpox, emphasizing low risk to the public.",Health experts stress the risk to the public remains low and most people don't need to be immediately fearful of contracting the illness.
7,7,Transmission Uncertainty,"Article highlights uncertainty around how Mpox is transmitted, particularly in non-endemic areas.","It transmits through large droplets, which don't travel very far, or through contact with lesions themselves or touching someone with bed linens or clothes or recent contact with lesions,"
8,8,Comparison to COVID-19,"Article draws comparisons between Mpox and COVID-19, emphasizing differences in transmission routes and public health impact.",It's a virus in a very different class from COVID-19... It predominantly lives in animal reservoirs so it sort of by accident gets to humans and it may cause sporadic illness or relatively small outbreaks.
9,9,Mpox Naming Debate,Discussion around renaming monkeypox to mpox due to stigmatization and inaccuracies.,Experts argued that the term 'monkeypox' unnecessarily linked the virus to Africa.
10,10,Transmission Dynamics,"Explanation of how mpox spreads from animals to humans and between people, including routes like skin-to-skin contact and respiratory droplets.",Mpox can spread from animals to humans when people come into contact with the blood or bodily fluids of infected animals.
11,11,Vaccine Eligibility,"Discussion around who is eligible for mpox vaccination, including pre-exposure and post-exposure scenarios.",People are considered fully vaccinated about two weeks after their second shot of JYNNEOS.
12,12,Public Preparedness,Awareness and readiness among the general public regarding infectious diseases.,The COVID-19 pandemic has shone a light on the critical importance of staying ahead of infectious disease threats instead of constantly chasing behind them.
13,13,Virus Containability,"Factors that make monkeypox easier or harder to contain, such as transmission routes and public awareness.","The key to containing monkeypox is identifying it quickly so the isolation, contact-tracing and treatment can begin before the virus spreads too far."
14,14,Comparative Risk,"Comparison of the risk posed by monkeypox to other diseases, such as COVID-19.","That said, in general, we think of monkeypox as much less lethal than smallpox, easier to control in terms of transmission and amenable to vaccines and antivirals."
15,15,Vaccine Availability,Availability of vaccine as a solution to mitigate Mpox outbreak.,Biden was getting updated on the outbreak and told that the U.S. has a supply of vaccine that is relevant to treating monkeypox.
16,16,Risk Perception,Concerns about the potential spread and consequences of Mpox.,It is something that everybody should be concerned about... It is a concern in that if it were to spread it would be consequential.
17,17,Global Response,International efforts to contain and address the Mpox outbreak.,"The World Health Organization has confirmed 80 cases worldwide, including at least two in the United States, and another 50 suspected ones."
18,18,Global Spread,"Concerns about monkeypox spreading globally, including Europe and US.","Biden said it's a concern that if it were to spread, it would be consequential."
19,19,Public Health Risk,Monkeypox is a concern due to its potential impact on public health and international travel-related cases.,"On Sunday, one presumptive case of monkeypox also was being investigated in Broward County..."
20,20,Mpox Outbreak Frames,"Frames used to describe the Mpox outbreak, including its severity, spread, and response.",Experts have expressed concern about monkeypox's spread beyond Africa in recent days.
21,21,Risk Assessment,Statements that assess the risk of Mpox spreading or causing harm to individuals or communities.,I would not be surprised if we see a few more [monkeypox] cases in the upcoming days.
22,22,Government Response,"Discussions of government actions or policies related to the Mpox outbreak, including quarantine measures and tracking efforts.",The administration is 'confident we're going to be able to get our arms around it … but we're going to track it very closely and use the tools we have to make sure that we continue to prevent further spread
23,23,Transmission Routes,Explanation of how Mpox virus can be transmitted from person to person,"Monkeypox can spread through a number of routes, the most common and direct being via breaks in the skin or contact with body fluids."
24,24,Rise in Global Cases,"Increased cases reported worldwide, with a focus on unusual locations.",A tally by Johns Hopkins Center for Health Security put it at 240 confirmed or suspected cases in 15 countries.
25,25,Close Contact Transmission,"Monkeypox spread through close contact, such as touching or sharing fluids.","'What we’re talking about here is close contact,’ said Capt. Jennifer McQuiston, CDC’s deputy director..."
26,26,Vulnerability in LGBTQ Community,Members of the LGBTQ community are at higher risk and should be vigilant.,"That led the CDC officials to specifically say members of the LGBTQ community, and their providers, ought to be especially vigilant..."
27,27,Unusual Geographic Expansion,The article highlights how monkeypox is spreading to new geographic locations without clear links to endemic countries.,clusters not linked to travel
28,28,Waning Immunity,"Scientists suggest that declining immunity against orthopoxviruses, including monkeypox, across the globe may contribute to the outbreak's spread.",Jamie Lloyd-Smith says immunity against this family of viruses has been declining in humans ever since smallpox was eradicated
29,29,Unclear Transmission Routes,The article discusses how scientists are still unsure about the exact ways in which monkeypox is being transmitted from person to person.,Boghuma Titanji warns against speculating on potential transmission routes due to stigma and misinformation
30,30,Emerging Transmission,"The virus is found to be spreading through new and unusual routes, such as sexual contact.","What is even more bizarre is finding cases that appear to have acquired the infection via sexual contact,"
31,31,Public Health Concern,Health officials are worried about the outbreak and its potential impact on public health.,"This [outbreak] is rare and unusual,"
32,32,Contact Tracing,Identifying and tracking individuals who have come into contact with infected people.,More than 200 people in Massachusetts are being tracked for monkeypox after coming in contact with the first confirmed patient in the US.
33,33,Vaccine Priority,"Identifying individuals who should receive priority vaccination, such as those at high risk of severe disease.","'Right now we are hoping to maximize vaccine distribution to those that we know would benefit from it,' Jennifer McQuiston, deputy director of the CDC's division of high consequence pathogens and pathology,"
34,34,Risk Amplification,Highlighting specific groups or activities that are at increased risk of contracting the disease.,"Some cases were reported among men who have sex with men, as well as after sexual activity at raves in Europe."
35,35,Vaccine Effectiveness,Discussion about the duration and level of protection offered by smallpox vaccines.,"Some estimates suggest this may last for decades. ... but I don't know, there may still be some modifying effect"
36,36,Risk Groups,Identification of specific age groups vulnerable to monkeypox due to waning immunity.,people over 50 could be the only group protected against monkeypox.
37,37,Gas Price Criticism,"Criticism of high gas prices as an issue, often framed in opposition to Democratic policies.",But filling your tank will make you more sick than Monkeypox ever will. But I wonder when it comes to gas prices.
38,38,Government Blame-Shifting,"Accusation that the government is shifting blame or downplaying issues, often related to Mpox.","But they sure are great at creating it. And even if they did feel your pain, they'd still think it's good for you."
39,39,Punitive Ideology,"Criticism of a perceived punitive ideology in Democratic policies, often related to gas prices or other issues.",It's a result of their punitive theater. We deserve punishment and not the good kind where there's a safe word involved.
40,40,Risk Emphasis,Health officials emphasize low risk of transmission and spread of monkeypox to the general population. They reassure public that patient does not pose a risk.,"“Transmission requires close contact with someone with symptomatic monkeypox, and this virus has not shown the ability to spread rapidly in the general population,” Greene said."
41,41,Travel Link,Cases are often linked to travel history to endemic areas or countries with active outbreaks. Health officials note unusual events of transmission without direct links.,"Some of the individuals had recently traveled to areas with active monkeypox outbreaks while others had not, according to the CDC."
42,42,Vaccine Accessibility,"Limited availability and prioritization of vaccines for specific groups, such as men who have sex with men (MSM).","At the time of writing, shortages of supplies mean that New York City has no bookable vaccination appointments"
43,43,Stigma and Misinformation,Stereotyping and false claims about monkeypox affecting specific groups or being caused by certain vaccines.,People of any gender or sexual orientation can contract the disease.
44,44,Risk Group Focus,"Emphasis on specific groups at risk of contracting Mpox, such as gay and bisexual men.","“It’s very important to describe this because it appears to be an increase in a mode of transmission that may have been under-recognized in the past,”"
45,45,Pandemic Concerns,"Discussion on whether Mpox will become another pandemic, with experts expressing varying levels of concern.","“At the moment, we are not concerned about a global pandemic,” she said."
46,46,Immunity Gap Concerns,Focus on the potential for Mpox to exploit the lack of immunity in populations due to the suspension of mass smallpox immunization.,it would be “unfortunate” if monkeypox were able to “exploit the immunity gap” left by smallpox 40 years ago
47,47,Transmission Awareness,"Article educates readers on how Mpox spreads, particularly through close physical contact and bodily fluids.","Having close physical contact, including sex, with multiple people can put a person at higher risk."
48,48,Vulnerability concern,Concerns about the ease of introduction and spread of new pathogens.,“shows how vulnerable we are to the introduction of new pathogens”
49,49,Transmission uncertainty,"Uncertainty surrounding the transmission of monkeypox, including asymptomatic cases.",whether monkeypox can spread when someone doesn’t have any symptoms
50,50,Risk assessment debate,Debate over the potential severity and impact of the outbreak on public health.,“I don’t think it’s going to be a big epidemic. It’s just going to be a big worry”
51,51,Risk Focus,"Emphasis on risk factors for Mpox transmission, particularly among specific demographics.",gay and bisexual men account for the majority of cases.
52,52,Prevention Call to Action,Instructions or recommendations given to the public for preventing Mpox infection.,go to a sexual health clinic if they have a rash with blisters and have been in close contact with someone who might be infected...
53,53,Global Spread Worry,Concerns or warnings raised about the rapid spread of Mpox globally.,"Since May 29, the number of laboratory confirmed cases has increased 203%"
54,54,Complexity of Emergence,The factors contributing to the emergence and spread of monkeypox.,Experts have told me that the two diseases have arisen out of similar mechanisms...
55,55,Public Health Infrastructure,Limitations on public health measures and resources for addressing outbreaks.,...while some school districts are no longer allowed to require masks—to prevent Covid or any other disease.
56,56,Global Cooperation,"The need for international collaboration in addressing the outbreak, especially with African researchers and expertise.","You have to think about tackling the ongoing outbreaks in Europe and America and other regions, but you also have to think about how you allocate and share these resources..."
57,57,Viral Spread,How monkeypox is transmitted and spreading globally.,"The disease is primarily spread through direct contact with the sore of an infected person; however, infectious disease experts believe it can also be transmitted through prolonged, face-to-face contact with an infected person."
58,58,Global Context,Factors contributing to global spread of monkeypox.,"'Diseases that were locally spread are now able to make their way across countries and continents much more easily,' Leshem said."
59,59,Public Risk Perception,"Risk assessment by public health organizations, CDC cautions low risk but encourages medical help.",The CDC cautions that the risk to the general public is low but anyone who gets an 'unexplained skin rash' should seek medical help.
60,60,Vaccine Availability and Efficacy,"Vaccines available for monkeypox virus, can reduce symptoms but not prevent disease.","Vaccines can be used for the monkeypox virus, including ACAM200 and JYNNEOS vaccines that can reduce symptoms but 'not prevent the disease,' according to the CDC."
61,61,Travel Associated,Articles mentioning travel as a key factor in Mpox transmission or cases.,"The newest patient was described only as an adult who had recently traveled, although further details were not released."
62,62,Public Health Messaging,Articles emphasizing the low risk of infection and measures to prevent transmission.,County health officials insisted that “the risk of monkeypox in the general population remains very low.”
63,63,Transmission Details,"Articles providing information on how Mpox spreads, including bodily fluids and contact.","Health officials said the infection spreads through contact with bodily fluids, monkeypox sores or shared items such as bedding or clothing that were contaminated with fluids."
64,64,Case Count,Number of Mpox cases reported in the U.S.,"California has reported 15 cases, with New York having 11."
65,65,PHEIC Criteria,"WHO's definition of a public health emergency of international concern, including seriousness, suddenness, unusualness, and implications beyond national borders.",“An extraordinary event which is determined to constitute a public health risk to other States through the international spread of disease….” - WHO Director-General Tedros
66,66,Vaccine Deployment,"The use and limitations of smallpox vaccines in response to the monkeypox outbreak, including concerns about supply and access.","“While smallpox vaccines are expected to provide some protection against monkeypox, there is limited clinical data and limited supply….” - WHO Director-General Tedros"
67,67,Global Response Coordination,"The importance of international cooperation and coordination in responding to the outbreak, including sharing information, resources, and expertise.",“We believe that it needs also some coordinated response because of the geographic spread….” - WHO Director-General Tedros
68,68,Vulnerable Populations,"Identification of groups at higher risk of contracting or spreading monkeypox, such as LGBTQ+ individuals.","The city health department has now expanded eligibility to “all gay, bisexual, and other men who have sex with men (cisgender or transgender) ages 18 and older who have had multiple or anonymous sex partners in the last 14 days.”"
69,69,Risk of Transmission,"Methods by which monkeypox is spread, including direct contact with infected individuals or contaminated items.","It can also be spread through close contact with an animal infected with the virus, or items that could be contaminated with body fluids carrying the monkeypox virus, like bedding or clothing."
70,70,Vulnerability frame,Emphasis on specific groups being disproportionately affected by the outbreak.,"Like most outbreaks, this latest bout of meningococcal disease is predominantly affecting vulnerable populations."
71,71,Homophobia by omission,Implication that diseases are targeting or have a disproportionate impact on the LGBTQ+ community.,At this point I’m convinced that diseases are homophobic. Just consider all the havoc they’ve caused during Pride month alone.
72,72,Risk mitigation advice,Providing guidance on how to minimize risk and prevent infection.,"If you are a queer man, do not panic; this is not even close to being a pandemic yet. We can still enjoy what we have left of Pride month, but it is important to make sure that you are up to date with your shots."
73,73,Global Health Imperative,"The interconnectedness of global health, highlighting risks and challenges.",Contending with multiple infectious diseases at the same time is normal in most parts of the world.
74,74,Global Connectivity Risks,The increased risks of disease transmission due to global connectivity.,The underlying reasons are: more contact between animals and humans (when spillover events happen); ...; and connectivity (people travelling all over the globe)
75,75,Public Health Response,Efforts made by health officials to contain and manage the outbreak.,Contact tracing efforts have already begun.
76,76,Demographic Distribution,Discussion of who is most affected by the outbreak and potential risk factors.,"an overwhelming percentage of cases, both statewide and in the U.S. overall, have occurred among persons self-identifying as men who have sex with men"
77,77,Virus Transmission,Methods through which parechoviruses are spread to individuals,Infected people can transmit the virus regardless of whether they’re asymptomatic or presenting symptoms by coming in contact with feces and through respiratory routes.
78,78,Symptom Severity,Range of symptoms experienced by individuals infected with parechoviruses,"The virus can range from asymptomatic to severe illness, experts said. Symptoms most commonly seen in children 6 months to 5 years old include respiratory tract infection, fever and a rash."
79,79,Prevention Measures,Strategies recommended by experts for preventing parechovirus transmission,"One of the most important ways to prevent parechovirus transmission is to practice good hand hygiene, experts said. Limiting the number of people outside the household interacting with the baby is also recommended."
80,80,Stigma concern,Concerns about stigmatizing groups due to health disparities.,Public officials are scrambling to balance concerns about stigmatization with the fact that the disease is largely affecting gay and bisexual men.
81,81,Risk downplaying,Downplaying or obscuring risks associated with specific groups.,The most important time to be pointing out disparities is when the relevant population is both unaware of them and can take personal action to prevent harm.
82,82,Risk framing,Framing risks in a way that masks or minimizes specific groups' vulnerability.,The idea that rich women won’t be impacted by the fall of Roe v. Wade is both untrue and divides the coalition of people needed to combat further restrictions on abortion.
83,83,Delayed Testing,Delays in testing and diagnosis due to strict guidelines and lack of resources.,"Andy was refused testing for three tries, as the C.D.C. guidelines required visible lesions on the skin."
84,84,Stigma and Stereotyping,The article highlights how monkeypox is being stigmatized and associated with specific groups.,"Andy lamented, ‘First it was, “Oh, well, it’s just Africans.” Then, “Oh, well, it’s just the gays.”’"
85,85,Bureaucratic Barriers to Treatment,The article describes how bureaucratic hurdles are preventing patients from accessing treatment.,"Andy had to tap personal connections through his employer to find a physician to sign on for the experimental trial, and even then, a bureaucratic logjam nearly prevented him from getting medicine."
86,86,Viral Evolution,The virus's ability to mutate and evade immunity.,Ease of transmission stems from the ability of the virus to evade the neutralizing antibodies circulating in the blood in response to previous Covid infection or vaccines.
87,87,Prevention Strategies,Measures individuals can take to prevent Mpox spread.,"So, to protect yourself and others, get vaccinated and boosted, wear masks, and maintain social distancing when appropriate."
88,88,Government Inaction,Failure of federal government to respond effectively to Mpox outbreak.,The feds botch another epidemic.
89,89,Vaccine Shortage,Insufficient distribution and availability of Mpox vaccines.,Red tape from the Food and Drug Administration (FDA) and the CDC left more than a million monkeypox vaccine doses stuck in storage
90,90,Risk Prioritization,Concerns about the prioritization of vaccinations for high-risk groups.,Los Angeles is giving out as many first doses as it can and will worry about getting those second doses later
91,91,Homophobia allegations,"Criticism that WHO's focus on queer men is homophobic, reminiscent of HIV/AIDS crisis.","The WHO’s tweet got ratioed, with many people accusing the organization of homophobia."
92,92,Risk amplification through sex,Discussion of how intimate physical contact during sex is a key transmission method for Mpox.,"According to the latest CDC update, of the nearly 3600 cases in the US as of July 25, all but 5 were attributed to sex between men."
93,93,Government response criticism,"Concerns about government handling of Mpox outbreak, including vaccine distribution and messaging.","The US government opted to wait and watch the spread of the outbreak rather than tackling it head on, which led them to order upfront only a fifth of the 372,000 available vaccine doses."
94,94,Risk-Based Targeting,Vaccine prioritization based on risk factors and exposure history.,You qualify if you've been in close contact with someone known to have monkeypox.
95,95,Vaccine Hesitancy,"Concerns about vaccine safety, efficacy, and accessibility.",ACAM2000 is a rather unpleasant medical procedure...not far removed from the old-school smallpox vaccine.
96,96,Global Health Concern,Reports on Mpox being declared a global health emergency and its potential spread.,"Monkeypox was declared a global health emergency by the World Health Organization on July 23 as there have been over 16,000 reported cases spanning 75 countries."
97,97,Vulnerability of LGBTQ+ Community,Discussion around Mpox being primarily a threat to the gay community and its spread through close contact.,"Although I am declaring a public health emergency of international concern for the moment, this is an outbreak that is concentrated among men who have sex with men, especially those with multiple sexual partners,"
98,98,Symptom Disclosure,"Sharing personal experiences with Mpox symptoms on social media, often graphic and explicit.",Jackson showed a blister on the right side of his bottom lip and said 'what appeared to be strep throat towards the back of his mouth.'
99,99,Personal Account,"Individuals sharing their personal stories and experiences with Mpox, often with a sense of vulnerability.",Jackson said 'I’m in the hospital now. I’m trying to figure out what’s going on.'
100,100,Public Health Emergency,Declaration of a public health emergency to mobilize resources and actions.,"In light of all of these developments and the evolving circumstances on the ground, I want to make an announcement today that I will be declaring a public health emergency,"
101,101,Vaccine Distribution,Access to vaccines and treatments for affected communities.,This public health emergency will allow us to explore additional strategies to get vaccines and treatments more quickly out to the impacted communities
102,102,Government Power Grab,Assertions of government authority and control in response to the outbreak.,Authoritarian politicians and bureaucrats are having a tough time giving up the dictatorial powers afforded them by the Great COVID Powergrab
103,103,Vaccine Distribution Challenges,"Discussion about issues related to vaccine supply, allocation, and administration.","Demand is far outpacing supply, with long lines and clinics having to close when they run out of vaccines."
104,104,Stigma Concerns,Fears of stigmatization and villainization of affected communities.,"The outbreak appears to mostly affect gay and bisexual men, which carries the risk of villainizing these populations similar to how Asian Americans were targeted at the height of the COVID-19 pandemic."
105,105,Public Awareness,Lack of awareness and concern among the general public.,"A May survey found that only 11 percent of respondents were following updates regarding monkeypox very closely, while 56 percent said they weren't following the news very closely — if at all."
106,106,Sex worker exclusion,Articles discussing the exclusion or marginalization of sex workers in vaccine distribution and access policies.,"The CDC has a list of recommendations for who should get vaccinated, including anyone recently exposed, people with multiple sexual partners... But there's no explicit mention of sex work."
107,107,Vaccine accessibility,"Articles discussing the difficulties or barriers to accessing monkeypox vaccines, such as limited supply, eligibility requirements, and bureaucratic processes.","Making the entire process more confusing, each state—and sometimes, individual counties within a single state—have different criteria for who is and isn’t eligible for a vaccine."
108,108,Stigma and shame,Articles discussing the impact of stigma and shame on sex workers' ability to access healthcare and protect themselves from monkeypox.,"As a sex worker, I am more than familiar with the negative stigma surrounding sex work in our society and the common biases held against us,"
109,109,Risk to Vulnerable Groups,"The potential impact of Mpox on children, women, and other vulnerable populations.",Some cases in the United States have been reported in women and children...
110,110,Sexual Transmission Frame,The emphasis on sexual transmission as a primary mode of Mpox spread.,but the virus has been predominantly found in gay and bisexual men and other men who have sex with men
111,111,Government Response Criticized,"Criticism towards government's handling of the Mpox outbreak, including delays and lack of preparedness.",Cohen first addressed the situation by saying the government has had an “abysmal” response to the situation thus far...
112,112,LGBTQ+ Community Targeted,"The article highlights how the Mpox outbreak is disproportionately affecting the LGBTQ+ community, and the need for sensitive language and messaging.",“Because this is affecting us at much higher rates than others right now.”
113,113,Precautionary Measures Urged,"The importance of taking precautions, such as getting vaccinated and practicing safe sex, to prevent the spread of Mpox.","“Be aware, get vaccinated if you can, and please I know it’s summer we all have ‘Covid fatigue,” but please be safe and don’t take unnecessary risks.”"
114,114,Transmission Concerns,Fear of spread and potential transmission of monkeypox through skin-to-skin contact.,The monkeypox virus spreads through prolonged skin-to-skin contact.
115,115,Vaccine Access Inequality,Disparities in vaccine access due to limited availability and eligibility criteria.,"It’s complete bullshit. I don’t understand why we gotta do all this stuff to do one thing,” said Robinson, a Black man, after receiving his first of two recommended vaccine doses on Saturday."
116,116,Privilege and Resources,"People with more resources (time, internet access, devices) have an advantage in accessing the limited vaccine appointments.","I was able to get it super easy. No problem at all. Took me maybe three minutes to do the whole thing,” said Steven Harris, 39, who is white and was able to get the appointment while working from home."
117,117,Healthcare System Inequity,The existing healthcare system exacerbates health inequalities by limiting access to vaccine information and appointments for marginalized communities.,"I had to do the research. I don’t see the information readily available. It was just by word of mouth,” said Colson, adding that the overall process has been “messy”."
118,118,EUA Authorization,Emergency use authorization issued by FDA for JYNNEOS vaccine.,The FDA expects the authorization would increase the total number of doses available for use by up to five-fold.
119,119,Vaccine Administration,Methods and routes of administering JYNNEOS vaccine.,"Now, healthcare providers can use the vaccine in adults by intradermal injection..."
120,120,Public Response,Government response to monkeypox outbreak and allocation of vaccines.,HHS had allocated 1.1 million doses to states and jurisdictions in total and was making more doses available as jurisdictions use their current supply.
121,121,Misinformation Spread,The rapid dissemination of false or misleading information about Mpox.,"While monkeypox isn't a new disease, certain aspects of this outbreak set it apart from previous cases. The spread of misinformation can be dangerous in bigger outbreaks like the 2022 monkeypox outbreak."
122,122,Risk Misconception,"The misconception that only a specific group (e.g., gay men) is at risk for Mpox.","While it's true that the majority of people getting sick with monkeypox right now are men who have sex with men, anyone can get monkeypox regardless of sexual orientation..."
123,123,Transmission Myth,"The misconception about how Mpox is transmitted (e.g., easily through casual contact).","Unlike a respiratory virus that spreads relatively easily in a room full of people who aren't touching each other, monkeypox requires close physical contact to spread."
124,124,Skin Damage Prevention,Preventative measures to avoid scarring and skin damage from Mpox.,"Rieder's best advice is to take measures to avoid getting pox infections in the first place, which may involve looking into a vaccine."
125,125,Post-Exposure Treatment,Steps taken after exposure to Mpox to mitigate symptoms and prevent scarring.,Rieder suggested that those who are immunocompromised or in high-risk groups get immediate medical attention and ask about postexposure vaccination or treatments.
126,126,Scar Minimization,Methods to reduce scarring after Mpox lesions have healed.,"Silicone sheeting is a great option to reduce scarring, which can cause textural changes and discoloration."
127,127,Rapid Transmission,High rate of monkeypox infection spread through skin-to-skin contact.,"British health officials say the monkeypox outbreak across the country “shows signs of slowing” but that it’s still too soon to know if the decline will be maintained. In a statement on Monday, Aug. 15 the Health Security Agency said authorities are reporting about 29 new monkeypox infections every day,"
128,128,Age-Specific Concerns,"Risk of infection varies by age group, particularly in children and young adults.",Florida’s first pediatric case of monkeypox has been confirmed in Martin County but a state official said Tuesday that the Florida Department of Health is not concerned about the virus spreading among school-aged children
129,129,CDC Inconsistency,Contradiction between CDC recommendations and data on Mpox spread.,The precautions the CDC suggested do not line up with what the data shows about the spread of the illness.
130,130,Risk Misallocation,Prioritizing surface transmission over actual causes of Mpox infection.,Masking only protects the wrong part of the body.
131,131,Targeted Infection Group,Highlighting the disproportionately affected demographic in Mpox cases.,98 percent of those infected were gay or bisexual men
132,132,Public Health Reorganization,Call for reorganization or reform within public health agencies to address emerging issues.,"Dr. Rochelle Walensky, director of the Centers for Disease Control and Prevention, called for a reorganization to the public-health agency."
133,133,Climate Change Impact,Discussion on how climate change contributes to increased risk of disease outbreaks.,Research suggests that climate change and shifting land-use patterns could create a higher risk of viruses jumping from animals to humans.
134,134,Viral Transmission,Code indicating reports of how Mpox is transmitted or spread.,Additional information on how the students may have contracted or been exposed to the virus is unavailable at this time...
135,135,Viral Hoax,"A deliberate creation or spread of false information on social media, often for entertainment or marketing purposes.",Cali took to social media with a time lapse video showing a makeup artist creating the wild look and assuring fans nobody was ever in any danger.
136,136,Marketing Scheme,"A promotional strategy used by Cali, involving unconventional methods such as fake monkeypox symptoms to market his music.","Cali explained the viral video was a part of a marketing scheme for his latest music, calling it a 'promo gone wrong'."
137,137,Blurred Reality,"The difficulty in distinguishing between reality and fiction on social media, leading to confusion and misinterpretation.",Cali stated he has 'unique and unconventional marketing methods' and often tries to come up with an interesting scheme based on the themes in the song he's about to release.
138,138,Cause Investigation,Exploring the possible causes of Mpox-related deaths or severe illnesses.,Health officials were investigating how monkeypox may have contributed to the person's death.
139,139,Vaccine Recommendations,"Discussing vaccination strategies for exposed individuals, particularly those with weakened immune systems or at high risk of contraction.",Public health officials are recommending vaccination for people who have been exposed to monkeypox and people who may be more likely to contract the virus.
140,140,Financial Motivation,"Claim of financial gain driving PHEIC declaration, linking to Big Pharma interests.","Mercola suggests the WHO director-general's decision was financially motivated, arguing that monkeypox could be a 'future profit maker' for the pharmaceutical industry."
141,141,Lab Creation Theory,Unsubstantiated claim of monkeypox virus being created in a lab.,"Mercola claims that the monkeypox virus was 'created at the Wuhan Institute of Virology,' citing no evidence to support this assertion."
142,142,Vaccine Skepticism,Questioning the safety and efficacy of monkeypox vaccines.,"Mercola argues that monkeypox vaccination is unwise, stating there's 'no telling whether the vaccine will have any benefit at all,' despite existing data showing some level of protection."
143,143,Misconception Risk,Public misunderstanding of Mpox risks and characteristics.,Americans have a fundamental misunderstanding of the risks associated with monkeypox...
144,144,Sexual Transmission Focus,Emphasis on sexual transmission as primary mode of Mpox spread.,The virus is primarily transmitted sexually and scientists are debating whether or not to classify it as an STD formally.
145,145,Fear of Contagion,"Concerns about contracting Mpox through various means, including sex, casual contact, and contaminated surfaces.",Many respondents reported reducing their number of sexual partners and avoiding crowded spaces due to fear of contagion.
146,146,Disrupted Social Life,"The impact of Mpox on social connections, relationships, and community cohesion among queer individuals.","Respondents spoke about missed opportunities, cancelled plans, and feelings of isolation due to the outbreak."
147,147,Racial Disparities,"The disproportionate affectation of Mpox on communities of color, particularly Black and Latino queer individuals.",Health advocates highlighted structural factors that hinder access to vaccines for marginalized groups.
148,148,Behavioral Change,Individuals changing their behavior to reduce the risk of infection.,"...when these men understood the risks, they changed their behavior."
149,149,Declining Cases,"A decline in monkeypox cases reported in North America and Europe, indicating a potential end to the outbreak.","These signs confirm what we have said consistently since the beginning: that with the right measures, this is an outbreak that can be stopped."
150,150,Vaccination Effectiveness,Public health interventions and community engagement are effective in tracking infections and preventing transmission.,"It's encouraging to see that in some countries in Europe and North America we now see a sustained decline in cases, demonstrating the effectiveness of public health interventions..."
151,151,Case Increase,"Article reports on the growing number of Mpox cases in Hawaii, including new cases and total counts by island.","The tally now includes 18 on Oahu, three on Hawaii island, two on Maui, and two non-residents on Kauai."
152,152,Eligibility Guidelines,"Article outlines the eligibility criteria for vaccination, including close contact with a person with Mpox, occupation, and certain medical conditions.",Vaccination eligibility for Hawaii residents includes: Close contact in the last 14 days with a person with known or suspected monkeypox infection;
153,153,Uncertainty and Unknowns,"Lack of knowledge about how well Jynneos vaccine protects against infection, transmission, and duration of protection.","Does the vaccine protect against infection, will it stop transmission, how long will the protection it offers last?"
154,154,Federal Funding Request,The Biden administration's request for $26.9 billion to combat Covid-19 and monkeypox.,"The White House seeks $22.4 billion for the domestic fight against Covid-19, $3.9 billion for domestic efforts to fight monkeypox"
155,155,Neurological Complications,"Refers to the potential brain-related problems associated with Mpox infection, such as seizure and encephalitis.",A small but noticeable proportion of people (2% to 3%) with monkeypox became very unwell and developed serious neurological problems...
156,156,Uncertainty in Research Findings,"Acknowledges the limitations of existing research on Mpox's neuropsychiatric symptoms, including lack of clear evidence and inconsistent reporting.",We don’t know what factors are driving these neuropsychiatric problems in people with monkeypox. We would want to know whether the strain of monkeypox virus and the severity of infection affects these problems.
157,157,Stigma and Psychological Distress,"Highlights the potential contribution of social stigma and physical symptoms (e.g., disfiguring skin rashes) to psychological distress in Mpox patients.",It’s also possible that the stigma people experience from monkeypox infection and the effect of disfiguring skin rashes could contribute to psychological distress such as low mood.
158,158,Government Intervention,Concerns about government involvement in personal lives and health decisions.,‘Any herb can clear that up’ another man insisted. Wilson also faced a barrage of rejections.
159,159,Healthcare Disparities,"Recognizing the disproportionate impact of monkeypox on Black men who have sex with men, particularly in the South.",The summer outbreak of the rare virus exposed how infectious diseases often exact a disproportionate toll on Black men who have sex with men...
160,160,First US Fatality,Reports of the first confirmed monkeypox death in the United States.,"It's believed to be the first U.S. fatality from the disease, officials announced Monday."
161,161,Immunocompromised Risk,Focus on individuals with weakened immune systems and their increased risk of severe monkeypox symptoms.,"The patient was severely immunocompromised and had been hospitalized, officials said."
162,162,Immunocompromised threat,Focus on individuals with weakened immune systems as a high-risk group for Mpox.,A Los Angeles resident who was severely immunocompromised has died of monkeypox after being hospitalized...
163,163,Vaccine availability,Discussion on the increasing availability and distribution of vaccines to combat Mpox.,"With more vaccines available in the U.S. and in Europe, the initial epicenter of the outbreak, monkeypox cases have begun to decline globally..."
164,164,Public health emergency,"Frames Mpox as a serious public health concern, highlighting emergency declarations and resource allocation.","...the U.S. has approved a new vaccination strategy to stretch supplies of the Jynneos vaccine, the only shot specifically approved by the FDA..."
165,165,Containment Efforts,Government and health agency efforts to contain the spread of Mpox.,"The U.S. is working to contain the largest monkeypox outbreak in the world, with more than 22,600 cases across all 50 states..."
166,166,Risk Mitigation,Guidance and recommendations for individuals at risk of contracting Mpox.,"People who have monkeypox should stay at home until the rash has healed and a new layer of skin has formed, keep a safe distance from other people..."
167,167,Global Health Crisis,The article describes a global health crisis characterized by frequent epidemics and pandemics.,"We are going through an era of epidemics and pandemics, and they are going to be more complex and more frequent."
168,168,Human-Pathogen Interface,"The increasing interaction between humans and pathogens due to urbanization, deforestation, and climate change.","Deforestation, climate change, and urbanization make such interactions more likely."
169,169,Global Cooperation Challenge,"The difficulty of achieving global cooperation in addressing infectious disease threats due to geopolitics, inequity, and lack of communication.","Unless we resolve geopolitical issues, then I'm afraid that we won't have sight of what is emerging from China, Europe, Africa, the Americas, and Southeast Asia."
170,170,Vaccine Efficacy,The effectiveness of Jynneos vaccine in preventing monkeypox infection.,"Researchers say there's still a lot to be determined about the vaccine's efficacy, despite it being administered everywhere."
171,171,Public Behavior Change,The impact of people changing their behavior on reducing monkeypox cases.,"In a recent survey, half of gay and bisexual men said they had reduced their number of partners or types of sexual encounters."
172,172,Unintended Consequences,"The potential risks and outcomes of the vaccine campaign, such as oversupply or underreach.","In some areas, there may be an oversupply of vaccines, while in others, not everyone who is eligible may be receiving it."
173,173,Racial scapegoating,"Attributing blame for the outbreak to a specific group of people, in this case foreigners.","The announcement makes everyone feel angry... But in China, the drumbeat that foreigners are dangerous is continuous..."
174,174,Comparative disease framing,Drawing parallels between Mpox and other diseases like AIDS to explain its spread.,"The spread of AIDS was like this, and the spread of monkeypox epidemics currently reported is similar..."
175,175,Health versus travel restrictions,Balancing public health measures with international travel limitations.,China’s zero tolerance approach to Covid... may have limited its exposure to the burgeoning global outbreak.
176,176,Rising Infection Rates,Articles mentioning the increase in new cases of various sexually transmitted diseases.,"Infections rates for some STDs, including gonorrhea and syphilis, have been rising for years."
177,177,Condom Use Decline,Articles discussing the decrease in condom usage as a contributing factor to the rise in STD infections.,Condom use has been declining and some experts say that's part of the problem.
178,178,Stigma Reduction,Articles highlighting the importance of reducing stigma around STDs for effective prevention and treatment efforts.,"Mena called for reducing stigma, broadening screening and treatment services"
179,179,Africanization of Disease,Portrayal of disease as uniquely affecting African people or communities.,The articles reflected negative self-representation of the African continent and positive other-representation of western countries.
180,180,Othering through Language,Use of language to emphasize differences and create an 'us vs them' mentality.,The tendency was to emphasise the humanity and positive traits of affected western individuals while either anonymising or writing negatively about African individuals.
181,181,Selective Reporting Bias,"Emphasis on certain aspects of the outbreak, such as deaths and infections in Western countries, while downplaying others, like containment efforts in Africa.",The fact that African countries kept deaths and infections to a minimum was de-emphasised.
182,182,Optimism on Decline,Federal officials express hope for elimination despite ongoing cases.,"“Our goal is to eradicate; that’s what we’re working toward,” Dr. Demetre Daskalakis said."
183,183,Scientific Uncertainty,Experts caution against premature predictions due to unknowns about the virus.,This is the first time that we really have seen a large outbreak of monkeypox with sustained human-to-human transmission...
184,184,Stigma and Equity,"The code highlights the disparities in vaccination rates among different racial and ethnic groups, particularly Black and Latino men.",We're focusing our equity efforts on vaccine and identifying strategies to actually improve vaccine uptake among Black and Latino individuals.
185,185,Opioid Epidemic Impact,Code for discussions on the economic and social impact of opioid epidemic.,The opioid epidemic cost the U.S. nearly $1.5 trillion in 2020.
186,186,Public Health Policy,"Code for discussions on public health policies, such as Medicaid waivers and biosafety practices.","The White House conference on hunger, nutrition and health announced new policy initiatives to end hunger in the U.S. by 2030."
187,187,Monkeypox Spread,The spread of monkeypox virus and its impact on populations.,"Ohio has had 276 confirmed monkeypox cases since the pandemic began in the state, around May 29."
188,188,Risk Factors,The conditions that make individuals more susceptible to severe illness or death from monkeypox.,people with weakened immune systems may be more likely to get seriously ill or die
189,189,Case Numbers,"Number of monkeypox cases reported in Hawaii, including new additions.",The state Department of Health now reports a total of 39 cases.
190,190,Vaccination Efforts,"Information about vaccine availability, eligibility, and administration.",Hawaii is offering the Jynneos vaccine for monkeypox — a two-dose series administered at least 28 days apart.
191,191,Misinformation Challenge,"Efforts to combat misinformation and confusion among communities about monkeypox, vaccination, and prevention.",Fighting misinformation took hard work as official guidance changed and skepticism was high in already vulnerable communities.
192,192,Vulnerable Communities,"The disproportionate impact of monkeypox on certain groups, such as Black and Latino men, and efforts to reach and vaccinate these populations.",Black people make up 28% of cases but only 13% of those who have gotten their first dose of the vaccine.
193,193,Vaccination Inequity,Lack of vaccine access and availability for marginalized communities,The health department couldn’t really tell me what to do either... Why isn’t there more urgency to protect kids?
194,194,Painful Isolation,Emotional and physical suffering caused by social isolation due to Mpox,I had to get really stern because she kept forgetting... I told her to keep checking her body for any bumps.
195,195,Financial Burden,Economic hardship caused by medical expenses and lost income due to Mpox,"I have insurance, but co-pays and medications not covered left me with almost $2,000 in out-of-pocket expenses."
196,196,Racial Profiling,"The Five Below manager assumed the customer's racial identity based on her appearance, leading to a discriminatory interaction.",Potter describes Seema as 'Guyanese' and then says she is either Guyanese or Indian.
197,197,Victim Blaming,The manager blamed the customer for being upset with her after she was told to leave the store due to a mistaken assumption.,"Seema said that [Potter] began 'cussing' at her, but Potter wanted to refuse service because of her swearing."
198,198,Behavioral change,Change in behavior among high-risk groups contributed to the decline of Mpox cases. Vaccination uptake and altered sexual practices are key factors.,Experts attribute the success to changes in behavior among those at high risk for monkeypox and quick uptake of vaccines.
199,199,Viral transmission dynamics,"Research shows that Mpox spreads through close contact, particularly during sex, but is rare in non-sexual settings. Skin lesions and anal sores are primary sites for virus shedding.","Only about 0.2% of U.S. cases have been in kids under 16, indicating limited transmission among children."
200,200,Vulnerability disparities,"Mpox cases are disproportionately affecting men of color, particularly Black and Latino men, who are getting vaccinated at lower rates.","CDC data show that monkeypox cases are down dramatically in white men, but nearly 70% of cases are now being detected in Black or Latino men."
201,201,Risk Perception and Stigma,"Concerns about stigmatizing the most hard-hit communities, particularly the gay community.",“A concern about stigmatizing the most hard hit in the gay community also may have played a role.”
202,202,Conspiracy Theory Emerge,Code representing the rapid spread of conspiracy theories on social media.,The study highlights how fast misinformation and conspiracy theories emerge...
203,203,Debunking Efforts,Code representing attempts to correct or refute false information.,Caulfield said the study is a reminder that public health officials need to adopt a range of response to address misinformation on social media...
204,204,Rare Deaths Mentioned,Article highlights rare cases of deaths due to Mpox.,Officials said death due to monkeypox still remains rare.
205,205,Comorbidities Warning,Experts emphasize importance of preventive measures for individuals with weakened immune systems.,"The two had several other health conditions, including weakened immune systems"
206,206,Vaccination Emphasis,Article stresses the significance of vaccination in preventing Mpox infection.,"Please continue to take it seriously. If you’re at risk of MPV infection, take prevention steps and get vaccinated"
207,207,Mpox Mortality,"References to deaths caused by Mpox, highlighting the severity of the disease.",The six additional deaths were announced by state agencies on Thursday and Friday.
208,208,Prevention through Vaccination,"Promotion of vaccination as a means to prevent severe illness or death from Mpox, particularly for high-risk individuals.","If you are eligible, such as being immunocompromised or at-risk, the best way to protect yourself against serious illness from MPX is by getting vaccinated."
209,209,Geographic Spread,The spread of Mpox cases across different regions or counties.,"New cases were spread across seven counties, including Eaton County, which became the 23rd county to report its first confirmed infection."
210,210,Immunocompromised Patients,"Patients with weakened immune systems, often due to HIV or other conditions.",Almost all the patients had severely weakened immune systems and 82% had HIV.
211,211,Severity of Symptoms,"Severe symptoms experienced by immunocompromised patients, including rashes and organ damage.",All the patients experienced severe rashes while 68% also had severe lesions on various body parts...
212,212,Stigma and Prejudice,Fear of retribution against LGBTQ+ individuals due to stigma surrounding the virus.,"Noyes fears that because the virus has been linked to men who have sex with men, it could spark retribution against people who identify as LGBTQ+ in Humboldt County."
213,213,Resource Deficits,Limited resources and infrastructure in rural areas hinder public health response.,"The community health nurse responsible for distributing the vaccine from a state-run clinic in Winnemucca retired months ago, leaving a gap that was only filled with the arrival of a replacement nurse in October."
